<?xml version="1.0" encoding="UTF-8"?>
<project-private xmlns="http://www.netbeans.org/ns/project-private/1">
    <editor-bookmarks xmlns="http://www.netbeans.org/ns/editor-bookmarks/2" lastBookmarkId="0"/>
    <open-files xmlns="http://www.netbeans.org/ns/projectui-open-files/2">
        <group>
            <file>file:/Users/stevenNardo%201/Documents/WebAppDev/Nardo_web/web/style/mystyle.css</file>
            <file>file:/Users/stevenNardo%201/Documents/WebAppDev/Nardo_web/web/js/dropdown.js</file>
            <file>file:/Users/stevenNardo%201/Documents/WebAppDev/Nardo_web/web/index.html</file>
        </group>
    </open-files>
</project-private>
